"Measure","Year","Observed","first_difference","second_difference","log_observed","log_difference"
"Total fertility rate",1960,5.76,,,1.7509374747078,
"Total fertility rate",1961,5.41,-0.35,,1.68824909285839,-0.0626883818494097
"Total fertility rate",1962,5.21,-0.2,0.149999999999999,1.65057985576528,-0.0376692370931146
"Total fertility rate",1963,5.16,-0.0499999999999998,0.15,1.64093657949347,-0.00964327627180417
"Total fertility rate",1964,4.97,-0.19,-0.140000000000001,1.60341984010854,-0.0375167393849341
"Total fertility rate",1965,4.66,-0.31,-0.119999999999999,1.53901544813755,-0.0644043919709827
"Total fertility rate",1966,4.46,-0.2,0.109999999999999,1.49514876603197,-0.043866682105582
"Total fertility rate",1967,3.91,-0.55,-0.35,1.36353737399727,-0.131611392034698
"Total fertility rate",1968,3.53,-0.38,0.169999999999999,1.26129787094521,-0.102239503052069
"Total fertility rate",1969,3.22,-0.31,0.0700000000000007,1.16938135955632,-0.0919165113888885
"Total fertility rate",1970,3.07,-0.15,0.159999999999999,1.12167756159911,-0.0477037979572112
"Total fertility rate",1971,3.02,-0.0499999999999998,0.100000000000001,1.10525683138678,-0.0164207302123274
"Total fertility rate",1972,3.04,0.02,0.0699999999999998,1.11185751541813,0.00660068403135194
"Total fertility rate",1973,2.79,-0.25,-0.27,1.02604159583327,-0.085815919584856
"Total fertility rate",1974,2.35,-0.44,-0.19,0.854415328156068,-0.171626267677207
"Total fertility rate",1975,2.07,-0.28,0.16,0.727548607277278,-0.12686672087879
"Total fertility rate",1976,2.11,0.04,0.32,0.746687947487975,0.0191393402106974
"Total fertility rate",1977,1.82,-0.29,-0.33,0.598836501088704,-0.147851446399271
"Total fertility rate",1978,1.79,-0.03,0.26,0.582215619852664,-0.0166208812360403
"Total fertility rate",1979,1.79,0,0.03,0.582215619852664,0
"Total fertility rate",1980,1.82,0.03,0.03,0.598836501088704,0.0166208812360403
"Total fertility rate",1981,1.78,-0.04,-0.0700000000000001,0.576613364303994,-0.0222231367847102
"Total fertility rate",1982,1.74,-0.04,0,0.553885113226438,-0.0227282510775562
"Total fertility rate",1983,1.61,-0.13,-0.0899999999999999,0.476234178996372,-0.0776509342300659
"Total fertility rate",1984,1.62,0.01,0.14,0.482426149244293,0.00619197024792106
"Total fertility rate",1985,1.61,-0.01,-0.02,0.476234178996372,-0.00619197024792106
"Total fertility rate",1986,1.43,-0.18,-0.17,0.357674444271816,-0.118559734724556
"Total fertility rate",1987,1.62,0.19,0.37,0.482426149244293,0.124751704972477
"Total fertility rate",1988,1.96,0.34,0.15,0.672944473242426,0.190518323998133
"Total fertility rate",1989,1.75,-0.21,-0.55,0.559615787935423,-0.113328685307003
"Total fertility rate",1990,1.83,0.0800000000000001,0.29,0.60431596685333,0.0447001789179069
"Total fertility rate",1991,1.73,-0.1,-0.18,0.548121408509688,-0.056194558343642
"Total fertility rate",1992,1.72,-0.01,0.0900000000000001,0.542324290825362,-0.00579711768432589
"Total fertility rate",1993,1.74,0.02,0.03,0.553885113226438,0.0115608224010759
"Total fertility rate",1994,1.71,-0.03,-0.05,0.536493370514568,-0.0173917427118692
"Total fertility rate",1995,1.67,-0.04,-0.01,0.512823626428664,-0.0236697440859047
"Total fertility rate",1996,1.66,-0.01,0.03,0.506817602368452,-0.00600602406021189
"Total fertility rate",1997,1.61,-0.0499999999999998,-0.0399999999999998,0.476234178996372,-0.0305834233720801
"Total fertility rate",1998,1.48,-0.13,-0.0800000000000003,0.392042087776024,-0.084192091220348
"Total fertility rate",1999,1.47,-0.01,0.12,0.385262400790645,-0.00677968698537879
"Total fertility rate",2000,1.6,0.13,0.14,0.470003629245736,0.0847412284550907
"Total fertility rate",2001,1.41,-0.19,-0.32,0.343589704390077,-0.126413924855659
"Total fertility rate",2002,1.37,-0.0399999999999998,0.15,0.314810739840034,-0.0287789645500433
"Total fertility rate",2003,1.27,-0.1,-0.0600000000000003,0.2390169004705,-0.0757938393695337
"Total fertility rate",2004,1.26,-0.01,0.0900000000000001,0.231111720963387,-0.00790517950711328
"Total fertility rate",2005,1.26,0,0.01,0.231111720963387,0
"Total fertility rate",2006,1.28,0.02,0.02,0.246860077931526,0.0157483569681392
"Total fertility rate",2007,1.29,0.01,-0.01,0.254642218373581,0.00778214044205494
"Total fertility rate",2008,1.28,-0.01,-0.02,0.246860077931526,-0.00778214044205494
"Total fertility rate",2009,1.22,-0.0600000000000001,-0.05,0.198850858745165,-0.0480092191863606
"Total fertility rate",2010,1.15,-0.0700000000000001,-0.01,0.139761942375159,-0.0590889163700065
"Total fertility rate",2011,1.2,0.05,0.12,0.182321556793955,0.042559614418796
"Total fertility rate",2012,1.29,0.0900000000000001,0.04,0.254642218373581,0.0723206615796262
"Total fertility rate",2013,1.19,-0.1,-0.19,0.173953307123438,-0.0806889112501428
"Total fertility rate",2014,1.25,0.0600000000000001,0.16,0.22314355131421,0.0491902441907718
"Total fertility rate",2015,1.24,-0.01,-0.0700000000000001,0.215111379616945,-0.00803217169726428
"Total fertility rate",2016,1.2,-0.04,-0.03,0.182321556793955,-0.0327898228229909
"Total fertility rate",2017,1.16,-0.04,0,0.148420005118273,-0.0339015516756814
"Total fertility rate",2018,1.14,-0.02,0.02,0.131028262406404,-0.0173917427118692
"Total fertility rate",2019,1.14,0,0.02,0.131028262406404,0
"Total fertility rate",2020,1.1,-0.0399999999999998,-0.0399999999999998,0.0953101798043249,-0.0357180826020791
"Total fertility rate",2021,1.12,0.02,0.0599999999999998,0.113328685307003,0.0180185055026783
"Total fertility rate",2022,1.04,-0.0800000000000001,-0.1,0.0392207131532813,-0.0741079721537219
"Total fertility rate",2023,0.97,-0.0700000000000001,0.01,-0.0304592074847086,-0.0696799206379899
"Total fertility rate",2024,0.97,0,0.0700000000000001,-0.0304592074847086,0
"Total fertility rate",2025,0.87,-0.1,-0.1,-0.139262067333508,-0.108802859848799
"Total live births",1960,61775,,,11.0312540308568,
"Total live births",1961,59930,-1845,,11.0009324934522,-0.0303215374045802
"Total live births",1962,58977,-953,892,10.9849028163757,-0.0160296770765154
"Total live births",1963,59530,553,1506,10.9942356661474,0.00933284977172022
"Total live births",1964,58217,-1313,-1866,10.9719326872877,-0.02230297885977
"Total live births",1965,55725,-2492,-1179,10.9281841582541,-0.0437485290335964
"Total live births",1966,54680,-1045,1447,10.9092532908379,-0.0189308674161843
"Total live births",1967,50560,-4120,-3075,10.8309160288207,-0.0783372620171452
"Total live births",1968,47241,-3319,801,10.7630174385885,-0.06789859023222
"Total live births",1969,44562,-2679,640,10.7046367568974,-0.0583806816911689
"Total live births",1970,45934,1372,4051,10.7349608625764,0.0303241056790089
"Total live births",1971,47088,1154,-218,10.7597734704733,0.0248126078968944
"Total live births",1972,49678,2590,1436,10.813317458148,0.0535439876747912
"Total live births",1973,48269,-1409,-3999,10.7845448116386,-0.0287726465094291
"Total live births",1974,43268,-5001,-3592,10.6751686107502,-0.109376200888436
"Total live births",1975,39948,-3320,1681,10.595333887363,-0.0798347233871546
"Total live births",1976,42783,2835,6155,10.6638961064049,0.0685622190418513
"Total live births",1977,38364,-4419,-7254,10.5548747988478,-0.109021307557036
"Total live births",1978,39441,1077,5496,10.5825611633647,0.0276863645168728
"Total live births",1979,40779,1338,261,10.6159225220034,0.0333613586386434
"Total live births",1980,41217,438,-900,10.6266060715921,0.0106835495887001
"Total live births",1981,42250,1033,595,10.6513596327853,0.024753561193263
"Total live births",1982,42654,404,-629,10.6608763351575,0.00951670237221691
"Total live births",1983,40585,-2069,-2473,10.6111538191953,-0.0497225159622605
"Total live births",1984,41556,971,3040,10.6347971941904,0.0236433749951459
"Total live births",1985,42484,928,-43,10.6568828134414,0.0220856192510084
"Total live births",1986,38379,-4105,-5033,10.5552657139851,-0.101617099456286
"Total live births",1987,43616,5237,9342,10.6831793344963,0.127913620511114
"Total live births",1988,52957,9341,4104,10.8772355424807,0.194056207984476
"Total live births",1989,47669,-5288,-14629,10.7720365704248,-0.105198972055913
"Total live births",1990,51142,3473,8761,10.8423613564105,0.0703247859857186
"Total live births",1991,49114,-2028,-5501,10.801899405523,-0.0404619508875488
"Total live births",1992,49402,288,2316,10.8077461881864,0.00584678266345229
"Total live births",1993,50225,823,535,10.8242681896831,0.0165220014966909
"Total live births",1994,49554,-671,-1494,10.8108182630388,-0.0134499266443626
"Total live births",1995,48635,-919,-248,10.7920987153035,-0.0187195477352322
"Total live births",1996,48577,-58,861,10.7909054468412,-0.001193268462373
"Total live births",1997,47333,-1244,-1186,10.764963005637,-0.0259424412041973
"Total live births",1998,43664,-3669,-2425,10.6842792429481,-0.0806837626888495
"Total live births",1999,43336,-328,3341,10.6767389773377,-0.00754026561038579
"Total live births",2000,46997,3661,3989,10.7578390488678,0.0811000715300203
"Total live births",2001,41451,-5546,-9207,10.6322672857248,-0.125571763142975
"Total live births",2002,40760,-691,4855,10.6154564873367,-0.0168107983881178
"Total live births",2003,37485,-3275,-2584,10.5316961319372,-0.0837603553994999
"Total live births",2004,37174,-311,2964,10.5233648711683,-0.00833126076886437
"Total live births",2005,37492,318,629,10.5318828558664,0.00851798469807896
"Total live births",2006,38317,825,507,10.5536489409199,0.0217660850535388
"Total live births",2007,39490,1173,348,10.5838027542807,0.0301538133607799
"Total live births",2008,39826,336,-837,10.5922752443186,0.00847249003792605
"Total live births",2009,39570,-256,-592,10.5858265343795,-0.0064487099391517
"Total live births",2010,37967,-1603,-1347,10.5444726403599,-0.0413538940195917
"Total live births",2011,39654,1687,3290,10.5879471046985,0.0434744643386296
"Total live births",2012,42663,3009,1322,10.6610873130408,0.0731402083422985
"Total live births",2013,39720,-2943,-5952,10.5896101181591,-0.0714771948816963
"Total live births",2014,42232,2512,5455,10.6509335065035,0.0613233883443431
"Total live births",2015,42185,-47,-2559,10.6498199865997,-0.00111351990372555
"Total live births",2016,41251,-934,-887,10.6274306338932,-0.0223893527065009
"Total live births",2017,39615,-1636,-702,10.5869631133993,-0.040467520493884
"Total live births",2018,39039,-576,1060,10.5723164254449,-0.0146466879544747
"Total live births",2019,39279,240,816,10.5784453038959,0.00612887845099586
"Total live births",2020,38590,-689,-929,10.5607484545317,-0.0176968493641994
"Total live births",2021,38672,82,771,10.5628711029433,0.00212264841159993
"Total live births",2022,35605,-3067,-3149,10.4802413564162,-0.0826297465270383
"Total live births",2023,33541,-2064,1003,10.4205238500788,-0.0597175063373943
"Total live births",2024,33703,162,2226,10.4253421331499,0.00481828307102106
"Total live births",2025,30004,-3699,-3861,10.3090859850895,-0.116256148060325
