"Measure","Year","Observed","log_observed","scaled_observed","scaled_log_observed","period"
"Total fertility rate",1960,5.76,1.7509374747078,3.01077652907115,2.42298372478049,"early"
"Total fertility rate",1961,5.41,1.68824909285839,2.72712328945476,2.29285930484649,"early"
"Total fertility rate",1962,5.21,1.65057985576528,2.56503572395968,2.21466798005089,"early"
"Total fertility rate",1963,5.16,1.64093657949347,2.52451383258591,2.19465110141864,"early"
"Total fertility rate",1964,4.97,1.60341984010854,2.37053064536558,2.11677632133567,"early"
"Total fertility rate",1965,4.66,1.53901544813755,2.1192949188482,1.98308992045587,"early"
"Total fertility rate",1966,4.46,1.49514876603197,1.95720735335312,1.89203434691865,"early"
"Total fertility rate",1967,3.91,1.36353737399727,1.51146654824164,1.6188440756119,"early"
"Total fertility rate",1968,3.53,1.26129787094521,1.20350017380099,1.40662203962204,"early"
"Total fertility rate",1969,3.22,1.16938135955632,0.952264447283609,1.21582779076796,"early"
"Total fertility rate",1970,3.07,1.12167756159911,0.830698773162297,1.1168073845188,"early"
"Total fertility rate",1971,3.02,1.10525683138678,0.790176881788527,1.08272231276013,"early"
"Total fertility rate",1972,3.04,1.11185751541813,0.806385638338035,1.09642357853551,"early"
"Total fertility rate",1973,2.79,1.02604159583327,0.603776181469182,0.918292536903152,"early"
"Total fertility rate",1974,2.35,0.854415328156068,0.247183537380001,0.562042018576131,"early"
"Total fertility rate",1975,2.07,0.727548607277278,0.0202609456868852,0.298700423590664,"early"
"Total fertility rate",1976,2.11,0.746687947487975,0.0526784587859017,0.338428607176886,"early"
"Total fertility rate",1977,1.82,0.598836501088704,-0.182348511181968,0.0315282991529101,"early"
"Total fertility rate",1978,1.79,0.582215619852664,-0.20666164600623,-0.00297223293654702,"early"
"Total fertility rate",1979,1.79,0.582215619852664,-0.20666164600623,-0.00297223293654702,"early"
"Total fertility rate",1980,1.82,0.598836501088704,-0.182348511181968,0.0315282991529101,"early"
"Total fertility rate",1981,1.78,0.576613364303994,-0.214766024280984,-0.0146010265357167,"early"
"Total fertility rate",1982,1.74,0.553885113226438,-0.247183537380001,-0.0617788352513075,"middle"
"Total fertility rate",1983,1.61,0.476234178996372,-0.352540454951804,-0.22296153730754,"middle"
"Total fertility rate",1984,1.62,0.482426149244293,-0.34443607667705,-0.210108652722086,"middle"
"Total fertility rate",1985,1.61,0.476234178996372,-0.352540454951804,-0.22296153730754,"middle"
"Total fertility rate",1986,1.43,0.357674444271816,-0.498419263897378,-0.469060036797,"middle"
"Total fertility rate",1987,1.62,0.482426149244293,-0.34443607667705,-0.210108652722086,"middle"
"Total fertility rate",1988,1.96,0.672944473242426,-0.06888721533541,0.185356753557003,"middle"
"Total fertility rate",1989,1.75,0.559615787935423,-0.239079159105246,-0.0498834776054767,"middle"
"Total fertility rate",1990,1.83,0.60431596685333,-0.174244132907213,0.0429022137944289,"middle"
"Total fertility rate",1991,1.73,0.548121408509688,-0.255287915654755,-0.0737427544148237,"middle"
"Total fertility rate",1992,1.72,0.542324290825362,-0.263392293929509,-0.0857760300188128,"middle"
"Total fertility rate",1993,1.74,0.553885113226438,-0.247183537380001,-0.0617788352513075,"middle"
"Total fertility rate",1994,1.71,0.536493370514568,-0.271496672204263,-0.0978794708915734,"middle"
"Total fertility rate",1995,1.67,0.512823626428664,-0.303914185303279,-0.147011568870485,"middle"
"Total fertility rate",1996,1.66,0.506817602368452,-0.312018563578034,-0.159478478589453,"middle"
"Total fertility rate",1997,1.61,0.476234178996372,-0.352540454951804,-0.22296153730754,"middle"
"Total fertility rate",1998,1.48,0.392042087776024,-0.457897372523608,-0.397721942822483,"middle"
"Total fertility rate",1999,1.47,0.385262400790645,-0.466001750798362,-0.411794771156539,"middle"
"Total fertility rate",2000,1.6,0.470003629245736,-0.360644833226558,-0.235894502687298,"middle"
"Total fertility rate",2001,1.41,0.343589704390077,-0.514628020446886,-0.498296213469024,"middle"
"Total fertility rate",2002,1.37,0.314810739840034,-0.547045533545903,-0.558033695246293,"middle"
"Total fertility rate",2003,1.27,0.2390169004705,-0.628089316293444,-0.71536156193495,"middle"
"Total fertility rate",2004,1.26,0.231111720963387,-0.636193694568198,-0.73177061362029,"recent"
"Total fertility rate",2005,1.26,0.231111720963387,-0.636193694568198,-0.73177061362029,"recent"
"Total fertility rate",2006,1.28,0.246860077931526,-0.61998493801869,-0.699081210018911,"recent"
"Total fertility rate",2007,1.29,0.254642218373581,-0.611880559743936,-0.682927554732355,"recent"
"Total fertility rate",2008,1.28,0.246860077931526,-0.61998493801869,-0.699081210018911,"recent"
"Total fertility rate",2009,1.22,0.198850858745165,-0.668611207667215,-0.798735589567526,"recent"
"Total fertility rate",2010,1.15,0.139761942375159,-0.725341855590494,-0.921388475801633,"recent"
"Total fertility rate",2011,1.2,0.182321556793955,-0.684819964216723,-0.83304602740084,"recent"
"Total fertility rate",2012,1.29,0.254642218373581,-0.611880559743936,-0.682927554732355,"recent"
"Total fertility rate",2013,1.19,0.173953307123438,-0.692924342491477,-0.850416289674553,"recent"
"Total fertility rate",2014,1.25,0.22314355131421,-0.644298072842952,-0.748310416099569,"recent"
"Total fertility rate",2015,1.24,0.215111379616945,-0.652402451117706,-0.764983069820757,"recent"
"Total fertility rate",2016,1.2,0.182321556793955,-0.684819964216723,-0.83304602740084,"recent"
"Total fertility rate",2017,1.16,0.148420005118273,-0.717237477315739,-0.903416638613262,"recent"
"Total fertility rate",2018,1.14,0.131028262406404,-0.733446233865248,-0.939517274253528,"recent"
"Total fertility rate",2019,1.14,0.131028262406404,-0.733446233865248,-0.939517274253528,"recent"
"Total fertility rate",2020,1.1,0.0953101798043249,-0.765863746964264,-1.013658520887,"recent"
"Total fertility rate",2021,1.12,0.113328685307003,-0.749654990414756,-0.976256892268702,"recent"
"Total fertility rate",2022,1.04,0.0392207131532813,-0.814490016612789,-1.13008534667279,"recent"
"Total fertility rate",2023,0.97,-0.0304592074847086,-0.871220664536068,-1.27472234298013,"recent"
"Total fertility rate",2024,0.97,-0.0304592074847086,-0.871220664536068,-1.27472234298013,"recent"
"Total fertility rate",2025,0.87,-0.139262067333508,-0.952264447283609,-1.5005681633268,"recent"
"Total live births",1960,61775,11.0312540308568,2.58838247525123,2.32194182836348,"early"
"Total live births",1961,59930,11.0009324934522,2.31754946356392,2.11922106881566,"early"
"Total live births",1962,58977,10.9849028163757,2.17765577243221,2.01205142669301,"early"
"Total live births",1963,59530,10.9942356661474,2.25883227945827,2.07444807793217,"early"
"Total live births",1964,58217,10.9719326872877,2.06609312263147,1.92533701030047,"early"
"Total live births",1965,55725,10.9281841582541,1.70028506565327,1.63284738761231,"early"
"Total live births",1966,54680,10.9092532908379,1.54688642217726,1.50628125178939,"early"
"Total live births",1967,50560,10.8309160288207,0.942099425889065,0.982541672060376,"early"
"Total live births",1968,47241,10.7630174385885,0.454893590772432,0.528591939880152,"early"
"Total live births",1969,44562,10.7046367568974,0.0616352502248396,0.138276106700613,"early"
"Total live births",1970,45934,10.7349608625764,0.26303519170722,0.341014036965602,"early"
"Total live births",1971,47088,10.7597734704733,0.432434267852021,0.506903736162084,"early"
"Total live births",1972,49678,10.813317458148,0.812628034936106,0.864882875076497,"early"
"Total live births",1973,48269,10.7845448116386,0.605796753923953,0.67251753829409,"early"
"Total live births",1974,43268,10.6751686107502,-0.128314840356939,-0.0587391333154881,"early"
"Total live births",1975,39948,10.595333887363,-0.615667468433836,-0.592490293337123,"early"
"Total live births",1976,42783,10.6638961064049,-0.19950942608504,-0.13410373677853,"early"
"Total live births",1977,38364,10.5548747988478,-0.848187517492211,-0.862987697376135,"early"
"Total live births",1978,39441,10.5825611633647,-0.690091499287747,-0.677884918150618,"early"
"Total live births",1979,40779,10.6159225220034,-0.493682518454347,-0.454840820071626,"early"
"Total live births",1980,41217,10.6266060715921,-0.42938720185866,-0.383413792530439,"early"
"Total live births",1981,42250,10.6513596327853,-0.277750073905819,-0.217918861991273,"early"
"Total live births",1982,42654,10.6608763351575,-0.218445717959112,-0.154293027075827,"middle"
"Total live births",1983,40585,10.6111538191953,-0.522160352745588,-0.4867229453878,"middle"
"Total live births",1984,41556,10.6347971941904,-0.379624388329122,-0.328650388797517,"middle"
"Total live births",1985,42484,10.6568828134414,-0.243400521204013,-0.180992522710157,"middle"
"Total live births",1986,38379,10.5552657139851,-0.845985623088249,-0.860374155308804,"middle"
"Total live births",1987,43616,10.6831793344963,-0.0772308901850232,-0.00518182252795767,"middle"
"Total live births",1988,52957,10.8772355424807,1.29396215164217,1.2922201314917,"middle"
"Total live births",1989,47669,10.7720365704248,0.517720977765478,0.588891166529554,"middle"
"Total live births",1990,51142,10.8423613564105,1.02753292876279,1.05906172021359,"middle"
"Total live births",1991,49114,10.801899405523,0.729836805347139,0.788545179206293,"middle"
"Total live births",1992,49402,10.8077461881864,0.772113177903207,0.827635025035385,"middle"
"Total live births",1993,50225,10.8242681896831,0.892923784200583,0.938096201458236,"middle"
"Total live births",1994,49554,10.8108182630388,0.794425707863354,0.848174001642741,"middle"
"Total live births",1995,48635,10.7920987153035,0.659522977380623,0.723020686207465,"middle"
"Total live births",1996,48577,10.7909054468412,0.651008985685304,0.715042849008479,"middle"
"Total live births",1997,47333,10.764963005637,0.468398543116732,0.541599421148349,"middle"
"Total live births",1998,43664,10.6842792429481,-0.0701848280923452,0.00217183747348734,"middle"
"Total live births",1999,43336,10.6767389773377,-0.118332919058978,-0.0482401304730594,"middle"
"Total live births",2000,46997,10.7578390488678,0.419076108467985,0.493970770002746,"middle"
"Total live births",2001,41451,10.6322672857248,-0.395037649156855,-0.345564602575614,"middle"
"Total live births",2002,40760,10.6154564873367,-0.496471584699366,-0.45795658891763,"middle"
"Total live births",2003,37485,10.5316961319372,-0.977218529564377,-1.01795335425371,"middle"
"Total live births",2004,37174,10.5233648711683,-1.02287114020652,-1.07365368001622,"recent"
"Total live births",2005,37492,10.5318828558664,-0.976190978842528,-1.01670497372963,"recent"
"Total live births",2006,38317,10.5536489409199,-0.855086786624625,-0.871183418026148,"recent"
"Total live births",2007,39490,10.5838027542807,-0.682898644234805,-0.669584011432828,"recent"
"Total live births",2008,39826,10.5922752443186,-0.633576209586059,-0.612939468881029,"recent"
"Total live births",2009,39570,10.5858265343795,-0.671155207413675,-0.65605362102725,"recent"
"Total live births",2010,37967,10.5444726403599,-0.906464322717068,-0.932533427906876,"recent"
"Total live births",2011,39654,10.5879471046985,-0.658824598751489,-0.641876120064354,"recent"
"Total live births",2012,42663,10.6610873130408,-0.217124581316735,-0.152882491845593,"recent"
"Total live births",2013,39720,10.5896101181591,-0.649136263374056,-0.630757707848864,"recent"
"Total live births",2014,42232,10.6509335065035,-0.280392347190573,-0.220767815273914,"recent"
"Total live births",2015,42185,10.6498199865997,-0.287291616322987,-0.228212477384641,"recent"
"Total live births",2016,41251,10.6274306338932,-0.42439624120968,-0.377901014805579,"recent"
"Total live births",2017,39615,10.5869631133993,-0.66454952420179,-0.64845479254041,"recent"
"Total live births",2018,39039,10.5723164254449,-0.749102269313926,-0.746378181693577,"recent"
"Total live births",2019,39279,10.5784453038959,-0.713871958850536,-0.705402327528132,"recent"
"Total live births",2020,38590,10.5607484545317,-0.815012308472518,-0.823718186544303,"recent"
"Total live births",2021,38672,10.5628711029433,-0.80297528573086,-0.809526792074064,"recent"
"Total live births",2022,35605,10.4802413564162,-1.25318929486093,-1.36196464354906,"recent"
"Total live births",2023,33541,10.4205238500788,-1.55616996484609,-1.76121808777546,"recent"
"Total live births",2024,33703,10.4253421331499,-1.5323895052833,-1.72900448360227,"recent"
"Total live births",2025,30004,10.3090859850895,-2.0753766653003,-2.50625843093453,"recent"
